Country Name,Country Code,Series Name,Series Code,2021 [YR2021]
Afghanistan,AFG,"Government expenditure on education, total (% of GDP)",SE.XPD.TOTL.GD.ZS,..
Afghanistan,AFG,GDP per capita (current US$),NY.GDP.PCAP.CD,363.674087113049
Albania,ALB,"Government expenditure on education, total (% of GDP)",SE.XPD.TOTL.GD.ZS,3.09042119979858
Albania,ALB,GDP per capita (current US$),NY.GDP.PCAP.CD,6377.20309553753
Algeria,DZA,"Government expenditure on education, total (% of GDP)",SE.XPD.TOTL.GD.ZS,6.29934740066528
Algeria,DZA,GDP per capita (current US$),NY.GDP.PCAP.CD,3700.31119460857
American Samoa,ASM,"Government expenditure on education, total (% of GDP)",SE.XPD.TOTL.GD.ZS,..
American Samoa,ASM,GDP per capita (current US$),NY.GDP.PCAP.CD,15743.3107582991
Andorra,AND,"Government expenditure on education, total (% of GDP)",SE.XPD.TOTL.GD.ZS,2.58397221565247
Andorra,AND,GDP per capita (current US$),NY.GDP.PCAP.CD,42072.341103463
Angola,AGO,"Government expenditure on education, total (% of GDP)",SE.XPD.TOTL.GD.ZS,2.2971088886261
Angola,AGO,GDP per capita (current US$),NY.GDP.PCAP.CD,1903.71740495688
Antigua and Barbuda,ATG,"Government expenditure on education, total (% of GDP)",SE.XPD.TOTL.GD.ZS,3.88049030303955
Antigua and Barbuda,ATG,GDP per capita (current US$),NY.GDP.PCAP.CD,16740.3481963818
Argentina,ARG,"Government expenditure on education, total (% of GDP)",SE.XPD.TOTL.GD.ZS,4.6476001739502
Argentina,ARG,GDP per capita (current US$),NY.GDP.PCAP.CD,10636.1155301986
Armenia,ARM,"Government expenditure on education, total (% of GDP)",SE.XPD.TOTL.GD.ZS,2.77133989334106
Armenia,ARM,GDP per capita (current US$),NY.GDP.PCAP.CD,4966.51347122366
Aruba,ABW,"Government expenditure on education, total (% of GDP)",SE.XPD.TOTL.GD.ZS,..
Aruba,ABW,GDP per capita (current US$),NY.GDP.PCAP.CD,29342.1007300268
Australia,AUS,"Government expenditure on education, total (% of GDP)",SE.XPD.TOTL.GD.ZS,5.55604839324951
Australia,AUS,GDP per capita (current US$),NY.GDP.PCAP.CD,60444.5023551978
Austria,AUT,"Government expenditure on education, total (% of GDP)",SE.XPD.TOTL.GD.ZS,4.98649978637695
Austria,AUT,GDP per capita (current US$),NY.GDP.PCAP.CD,53637.7057109897
Azerbaijan,AZE,"Government expenditure on education, total (% of GDP)",SE.XPD.TOTL.GD.ZS,3.7020800113678
Azerbaijan,AZE,GDP per capita (current US$),NY.GDP.PCAP.CD,5408.04535175023
"Bahamas, The",BHS,"Government expenditure on education, total (% of GDP)",SE.XPD.TOTL.GD.ZS,3.57300591468811
"Bahamas, The",BHS,GDP per capita (current US$),NY.GDP.PCAP.CD,28260.4325506367
Bahrain,BHR,"Government expenditure on education, total (% of GDP)",SE.XPD.TOTL.GD.ZS,2.22052526473999
Bahrain,BHR,GDP per capita (current US$),NY.GDP.PCAP.CD,26860.0725018105
Bangladesh,BGD,"Government expenditure on education, total (% of GDP)",SE.XPD.TOTL.GD.ZS,1.83117997646332
Bangladesh,BGD,GDP per capita (current US$),NY.GDP.PCAP.CD,2457.92404902236
Barbados,BRB,"Government expenditure on education, total (% of GDP)",SE.XPD.TOTL.GD.ZS,4.97599983215332
Barbados,BRB,GDP per capita (current US$),NY.GDP.PCAP.CD,17225.4623044097
Belarus,BLR,"Government expenditure on education, total (% of GDP)",SE.XPD.TOTL.GD.ZS,4.60641002655029
Belarus,BLR,GDP per capita (current US$),NY.GDP.PCAP.CD,7489.71894713888
Belgium,BEL,"Government expenditure on education, total (% of GDP)",SE.XPD.TOTL.GD.ZS,6.23423337936401
Belgium,BEL,GDP per capita (current US$),NY.GDP.PCAP.CD,51268.3880373598
Belize,BLZ,"Government expenditure on education, total (% of GDP)",SE.XPD.TOTL.GD.ZS,5.85649013519287
Belize,BLZ,GDP per capita (current US$),NY.GDP.PCAP.CD,6228.26730928353
Benin,BEN,"Government expenditure on education, total (% of GDP)",SE.XPD.TOTL.GD.ZS,3.19318079948425
Benin,BEN,GDP per capita (current US$),NY.GDP.PCAP.CD,1361.10074905831
Bermuda,BMU,"Government expenditure on education, total (% of GDP)",SE.XPD.TOTL.GD.ZS,1.88491690158844
Bermuda,BMU,GDP per capita (current US$),NY.GDP.PCAP.CD,111774.669092278
Bhutan,BTN,"Government expenditure on education, total (% of GDP)",SE.XPD.TOTL.GD.ZS,6.97416210174561
Bhutan,BTN,GDP per capita (current US$),NY.GDP.PCAP.CD,3266.36277371286
Bolivia,BOL,"Government expenditure on education, total (% of GDP)",SE.XPD.TOTL.GD.ZS,..
Bolivia,BOL,GDP per capita (current US$),NY.GDP.PCAP.CD,3345.19658838387
Bosnia and Herzegovina,BIH,"Government expenditure on education, total (% of GDP)",SE.XPD.TOTL.GD.ZS,..
Bosnia and Herzegovina,BIH,GDP per capita (current US$),NY.GDP.PCAP.CD,7230.19816280366
Botswana,BWA,"Government expenditure on education, total (% of GDP)",SE.XPD.TOTL.GD.ZS,..
Botswana,BWA,GDP per capita (current US$),NY.GDP.PCAP.CD,7238.79609591086
Brazil,BRA,"Government expenditure on education, total (% of GDP)",SE.XPD.TOTL.GD.ZS,..
Brazil,BRA,GDP per capita (current US$),NY.GDP.PCAP.CD,7696.78553127562
British Virgin Islands,VGB,"Government expenditure on education, total (% of GDP)",SE.XPD.TOTL.GD.ZS,2.86991333961487
British Virgin Islands,VGB,GDP per capita (current US$),NY.GDP.PCAP.CD,..
Brunei Darussalam,BRN,"Government expenditure on education, total (% of GDP)",SE.XPD.TOTL.GD.ZS,..
Brunei Darussalam,BRN,GDP per capita (current US$),NY.GDP.PCAP.CD,31448.9136078023
Bulgaria,BGR,"Government expenditure on education, total (% of GDP)",SE.XPD.TOTL.GD.ZS,4.49264764785767
Bulgaria,BGR,GDP per capita (current US$),NY.GDP.PCAP.CD,12222.235645941
Burkina Faso,BFA,"Government expenditure on education, total (% of GDP)",SE.XPD.TOTL.GD.ZS,5.22401523590088
Burkina Faso,BFA,GDP per capita (current US$),NY.GDP.PCAP.CD,893.077195986297
Burundi,BDI,"Government expenditure on education, total (% of GDP)",SE.XPD.TOTL.GD.ZS,4.87114191055298
Burundi,BDI,GDP per capita (current US$),NY.GDP.PCAP.CD,221.15780340632
Cabo Verde,CPV,"Government expenditure on education, total (% of GDP)",SE.XPD.TOTL.GD.ZS,6.03750085830688
Cabo Verde,CPV,GDP per capita (current US$),NY.GDP.PCAP.CD,3557.83777540965
Cambodia,KHM,"Government expenditure on education, total (% of GDP)",SE.XPD.TOTL.GD.ZS,1.67057394981384
Cambodia,KHM,GDP per capita (current US$),NY.GDP.PCAP.CD,1625.2350215138
Cameroon,CMR,"Government expenditure on education, total (% of GDP)",SE.XPD.TOTL.GD.ZS,2.82764077186584
Cameroon,CMR,GDP per capita (current US$),NY.GDP.PCAP.CD,1666.93280948232
Canada,CAN,"Government expenditure on education, total (% of GDP)",SE.XPD.TOTL.GD.ZS,4.59400606155396
Canada,CAN,GDP per capita (current US$),NY.GDP.PCAP.CD,52358.6216405155
Cayman Islands,CYM,"Government expenditure on education, total (% of GDP)",SE.XPD.TOTL.GD.ZS,..
Cayman Islands,CYM,GDP per capita (current US$),NY.GDP.PCAP.CD,88475.6008787475
Central African Republic,CAF,"Government expenditure on education, total (% of GDP)",SE.XPD.TOTL.GD.ZS,1.87251687049866
Central African Republic,CAF,GDP per capita (current US$),NY.GDP.PCAP.CD,461.137510928519
Chad,TCD,"Government expenditure on education, total (% of GDP)",SE.XPD.TOTL.GD.ZS,2.8881299495697
Chad,TCD,GDP per capita (current US$),NY.GDP.PCAP.CD,685.690314996613
Channel Islands,CHI,"Government expenditure on education, total (% of GDP)",SE.XPD.TOTL.GD.ZS,..
Channel Islands,CHI,GDP per capita (current US$),NY.GDP.PCAP.CD,67960.7269955768
Chile,CHL,"Government expenditure on education, total (% of GDP)",SE.XPD.TOTL.GD.ZS,..
Chile,CHL,GDP per capita (current US$),NY.GDP.PCAP.CD,16247.4010150765
China,CHN,"Government expenditure on education, total (% of GDP)",SE.XPD.TOTL.GD.ZS,3.29784345626831
China,CHN,GDP per capita (current US$),NY.GDP.PCAP.CD,12617.5049863004
Colombia,COL,"Government expenditure on education, total (% of GDP)",SE.XPD.TOTL.GD.ZS,..
Colombia,COL,GDP per capita (current US$),NY.GDP.PCAP.CD,6182.70709867969
Comoros,COM,"Government expenditure on education, total (% of GDP)",SE.XPD.TOTL.GD.ZS,2.27485394477844
Comoros,COM,GDP per capita (current US$),NY.GDP.PCAP.CD,1577.47084066118
"Congo, Dem. Rep.",COD,"Government expenditure on education, total (% of GDP)",SE.XPD.TOTL.GD.ZS,2.660484790802
"Congo, Dem. Rep.",COD,GDP per capita (current US$),NY.GDP.PCAP.CD,577.209215199828
"Congo, Rep.",COG,"Government expenditure on education, total (% of GDP)",SE.XPD.TOTL.GD.ZS,3.67454195022583
"Congo, Rep.",COG,GDP per capita (current US$),NY.GDP.PCAP.CD,2290.38299445343
Costa Rica,CRI,"Government expenditure on education, total (% of GDP)",SE.XPD.TOTL.GD.ZS,6.28171014785767
Costa Rica,CRI,GDP per capita (current US$),NY.GDP.PCAP.CD,12537.2567461753
Cote d'Ivoire,CIV,"Government expenditure on education, total (% of GDP)",SE.XPD.TOTL.GD.ZS,3.37276005744934
Cote d'Ivoire,CIV,GDP per capita (current US$),NY.GDP.PCAP.CD,2613.37889305378
Croatia,HRV,"Government expenditure on education, total (% of GDP)",SE.XPD.TOTL.GD.ZS,5.20366954803467
Croatia,HRV,GDP per capita (current US$),NY.GDP.PCAP.CD,17747.7892862107
Cuba,CUB,"Government expenditure on education, total (% of GDP)",SE.XPD.TOTL.GD.ZS,..
Cuba,CUB,GDP per capita (current US$),NY.GDP.PCAP.CD,..
Curacao,CUW,"Government expenditure on education, total (% of GDP)",SE.XPD.TOTL.GD.ZS,7.01665163040161
Curacao,CUW,GDP per capita (current US$),NY.GDP.PCAP.CD,17717.5964802588
Cyprus,CYP,"Government expenditure on education, total (% of GDP)",SE.XPD.TOTL.GD.ZS,5.61941576004028
Cyprus,CYP,GDP per capita (current US$),NY.GDP.PCAP.CD,31552.03515625
Czechia,CZE,"Government expenditure on education, total (% of GDP)",SE.XPD.TOTL.GD.ZS,5.05326414108276
Czechia,CZE,GDP per capita (current US$),NY.GDP.PCAP.CD,26822.5141862111
Denmark,DNK,"Government expenditure on education, total (% of GDP)",SE.XPD.TOTL.GD.ZS,6.03974866867065
Denmark,DNK,GDP per capita (current US$),NY.GDP.PCAP.CD,68007.7566732954
Djibouti,DJI,"Government expenditure on education, total (% of GDP)",SE.XPD.TOTL.GD.ZS,..
Djibouti,DJI,GDP per capita (current US$),NY.GDP.PCAP.CD,3050.30628163732
Dominica,DMA,"Government expenditure on education, total (% of GDP)",SE.XPD.TOTL.GD.ZS,5.46584510803223
Dominica,DMA,GDP per capita (current US$),NY.GDP.PCAP.CD,7668.15813216962
Dominican Republic,DOM,"Government expenditure on education, total (% of GDP)",SE.XPD.TOTL.GD.ZS,3.74731349945068
Dominican Republic,DOM,GDP per capita (current US$),NY.GDP.PCAP.CD,8476.7496882797
Ecuador,ECU,"Government expenditure on education, total (% of GDP)",SE.XPD.TOTL.GD.ZS,3.6913800239563
Ecuador,ECU,GDP per capita (current US$),NY.GDP.PCAP.CD,5965.13287054416
"Egypt, Arab Rep.",EGY,"Government expenditure on education, total (% of GDP)",SE.XPD.TOTL.GD.ZS,..
"Egypt, Arab Rep.",EGY,GDP per capita (current US$),NY.GDP.PCAP.CD,3886.7224983901
El Salvador,SLV,"Government expenditure on education, total (% of GDP)",SE.XPD.TOTL.GD.ZS,3.52807998657227
El Salvador,SLV,GDP per capita (current US$),NY.GDP.PCAP.CD,4664.31122268385
Equatorial Guinea,GNQ,"Government expenditure on education, total (% of GDP)",SE.XPD.TOTL.GD.ZS,..
Equatorial Guinea,GNQ,GDP per capita (current US$),NY.GDP.PCAP.CD,7506.66786103709
Eritrea,ERI,"Government expenditure on education, total (% of GDP)",SE.XPD.TOTL.GD.ZS,..
Eritrea,ERI,GDP per capita (current US$),NY.GDP.PCAP.CD,..
Estonia,EST,"Government expenditure on education, total (% of GDP)",SE.XPD.TOTL.GD.ZS,5.91065263748169
Estonia,EST,GDP per capita (current US$),NY.GDP.PCAP.CD,27943.701219882
Eswatini,SWZ,"Government expenditure on education, total (% of GDP)",SE.XPD.TOTL.GD.ZS,5.28714895248413
Eswatini,SWZ,GDP per capita (current US$),NY.GDP.PCAP.CD,3982.90522931685
Ethiopia,ETH,"Government expenditure on education, total (% of GDP)",SE.XPD.TOTL.GD.ZS,4.06524896621704
Ethiopia,ETH,GDP per capita (current US$),NY.GDP.PCAP.CD,925.000697216762
Faroe Islands,FRO,"Government expenditure on education, total (% of GDP)",SE.XPD.TOTL.GD.ZS,..
Faroe Islands,FRO,GDP per capita (current US$),NY.GDP.PCAP.CD,69010.1662014429
Fiji,FJI,"Government expenditure on education, total (% of GDP)",SE.XPD.TOTL.GD.ZS,5.97475910186768
Fiji,FJI,GDP per capita (current US$),NY.GDP.PCAP.CD,4646.53792141919
Finland,FIN,"Government expenditure on education, total (% of GDP)",SE.XPD.TOTL.GD.ZS,5.69380855560303
Finland,FIN,GDP per capita (current US$),NY.GDP.PCAP.CD,53489.7520190898
France,FRA,"Government expenditure on education, total (% of GDP)",SE.XPD.TOTL.GD.ZS,5.2450270652771
France,FRA,GDP per capita (current US$),NY.GDP.PCAP.CD,43658.9789781222
French Polynesia,PYF,"Government expenditure on education, total (% of GDP)",SE.XPD.TOTL.GD.ZS,..
French Polynesia,PYF,GDP per capita (current US$),NY.GDP.PCAP.CD,19999.0767593202
Gabon,GAB,"Government expenditure on education, total (% of GDP)",SE.XPD.TOTL.GD.ZS,2.70079278945923
Gabon,GAB,GDP per capita (current US$),NY.GDP.PCAP.CD,8635.7971437495
"Gambia, The",GMB,"Government expenditure on education, total (% of GDP)",SE.XPD.TOTL.GD.ZS,2.94039940834045
"Gambia, The",GMB,GDP per capita (current US$),NY.GDP.PCAP.CD,772.151452383989
Georgia,GEO,"Government expenditure on education, total (% of GDP)",SE.XPD.TOTL.GD.ZS,3.63758993148804
Georgia,GEO,GDP per capita (current US$),NY.GDP.PCAP.CD,5023.27438368985
Germany,DEU,"Government expenditure on education, total (% of GDP)",SE.XPD.TOTL.GD.ZS,4.53096389770508
Germany,DEU,GDP per capita (current US$),NY.GDP.PCAP.CD,51203.5544731043
Ghana,GHA,"Government expenditure on education, total (% of GDP)",SE.XPD.TOTL.GD.ZS,3.41949439048767
Ghana,GHA,GDP per capita (current US$),NY.GDP.PCAP.CD,2410.87730858166
Gibraltar,GIB,"Government expenditure on education, total (% of GDP)",SE.XPD.TOTL.GD.ZS,..
Gibraltar,GIB,GDP per capita (current US$),NY.GDP.PCAP.CD,..
Greece,GRC,"Government expenditure on education, total (% of GDP)",SE.XPD.TOTL.GD.ZS,4.05622720718384
Greece,GRC,GDP per capita (current US$),NY.GDP.PCAP.CD,20192.5963039061
Greenland,GRL,"Government expenditure on education, total (% of GDP)",SE.XPD.TOTL.GD.ZS,..
Greenland,GRL,GDP per capita (current US$),NY.GDP.PCAP.CD,57116.4138715706
Grenada,GRD,"Government expenditure on education, total (% of GDP)",SE.XPD.TOTL.GD.ZS,4.09030342102051
Grenada,GRD,GDP per capita (current US$),NY.GDP.PCAP.CD,9010.5127999358
Guam,GUM,"Government expenditure on education, total (% of GDP)",SE.XPD.TOTL.GD.ZS,..
Guam,GUM,GDP per capita (current US$),NY.GDP.PCAP.CD,35904.8635462723
Guatemala,GTM,"Government expenditure on education, total (% of GDP)",SE.XPD.TOTL.GD.ZS,3.10634994506836
Guatemala,GTM,GDP per capita (current US$),NY.GDP.PCAP.CD,5029.47733808268
Guinea,GIN,"Government expenditure on education, total (% of GDP)",SE.XPD.TOTL.GD.ZS,2.04074811935425
Guinea,GIN,GDP per capita (current US$),NY.GDP.PCAP.CD,1189.17599946636
Guinea-Bissau,GNB,"Government expenditure on education, total (% of GDP)",SE.XPD.TOTL.GD.ZS,..
Guinea-Bissau,GNB,GDP per capita (current US$),NY.GDP.PCAP.CD,795.118605034735
Guyana,GUY,"Government expenditure on education, total (% of GDP)",SE.XPD.TOTL.GD.ZS,..
Guyana,GUY,GDP per capita (current US$),NY.GDP.PCAP.CD,9998.54431136155
Haiti,HTI,"Government expenditure on education, total (% of GDP)",SE.XPD.TOTL.GD.ZS,1.83533239364624
Haiti,HTI,GDP per capita (current US$),NY.GDP.PCAP.CD,1823.74222440796
Honduras,HND,"Government expenditure on education, total (% of GDP)",SE.XPD.TOTL.GD.ZS,5.81050157546997
Honduras,HND,GDP per capita (current US$),NY.GDP.PCAP.CD,2771.72261645247
"Hong Kong SAR, China",HKG,"Government expenditure on education, total (% of GDP)",SE.XPD.TOTL.GD.ZS,4.00030994415283
"Hong Kong SAR, China",HKG,GDP per capita (current US$),NY.GDP.PCAP.CD,49764.793115622
Hungary,HUN,"Government expenditure on education, total (% of GDP)",SE.XPD.TOTL.GD.ZS,5.00158405303955
Hungary,HUN,GDP per capita (current US$),NY.GDP.PCAP.CD,18772.1411117581
Iceland,ISL,"Government expenditure on education, total (% of GDP)",SE.XPD.TOTL.GD.ZS,7.73067569732666
Iceland,ISL,GDP per capita (current US$),NY.GDP.PCAP.CD,68594.0081044426
India,IND,"Government expenditure on education, total (% of GDP)",SE.XPD.TOTL.GD.ZS,4.63514137268066
India,IND,GDP per capita (current US$),NY.GDP.PCAP.CD,2238.12713873311
Indonesia,IDN,"Government expenditure on education, total (% of GDP)",SE.XPD.TOTL.GD.ZS,3.04757928848267
Indonesia,IDN,GDP per capita (current US$),NY.GDP.PCAP.CD,4334.21598260314
"Iran, Islamic Rep.",IRN,"Government expenditure on education, total (% of GDP)",SE.XPD.TOTL.GD.ZS,..
"Iran, Islamic Rep.",IRN,GDP per capita (current US$),NY.GDP.PCAP.CD,4084.20030479458
Iraq,IRQ,"Government expenditure on education, total (% of GDP)",SE.XPD.TOTL.GD.ZS,..
Iraq,IRQ,GDP per capita (current US$),NY.GDP.PCAP.CD,4770.83534274738
Ireland,IRL,"Government expenditure on education, total (% of GDP)",SE.XPD.TOTL.GD.ZS,2.98458051681519
Ireland,IRL,GDP per capita (current US$),NY.GDP.PCAP.CD,100172.079253421
Isle of Man,IMN,"Government expenditure on education, total (% of GDP)",SE.XPD.TOTL.GD.ZS,..
Isle of Man,IMN,GDP per capita (current US$),NY.GDP.PCAP.CD,..
Israel,ISR,"Government expenditure on education, total (% of GDP)",SE.XPD.TOTL.GD.ZS,7.41640901565552
Israel,ISR,GDP per capita (current US$),NY.GDP.PCAP.CD,52166.8121647134
Italy,ITA,"Government expenditure on education, total (% of GDP)",SE.XPD.TOTL.GD.ZS,4.13088607788086
Italy,ITA,GDP per capita (current US$),NY.GDP.PCAP.CD,35770.0496120858
Jamaica,JAM,"Government expenditure on education, total (% of GDP)",SE.XPD.TOTL.GD.ZS,5.63123989105225
Jamaica,JAM,GDP per capita (current US$),NY.GDP.PCAP.CD,5183.58110028848
Japan,JPN,"Government expenditure on education, total (% of GDP)",SE.XPD.TOTL.GD.ZS,3.31738376617432
Japan,JPN,GDP per capita (current US$),NY.GDP.PCAP.CD,39827.1267678179
Jordan,JOR,"Government expenditure on education, total (% of GDP)",SE.XPD.TOTL.GD.ZS,3.22043991088867
Jordan,JOR,GDP per capita (current US$),NY.GDP.PCAP.CD,4046.93146710672
Kazakhstan,KAZ,"Government expenditure on education, total (% of GDP)",SE.XPD.TOTL.GD.ZS,4.38569402694702
Kazakhstan,KAZ,GDP per capita (current US$),NY.GDP.PCAP.CD,10373.7897924367
Kenya,KEN,"Government expenditure on education, total (% of GDP)",SE.XPD.TOTL.GD.ZS,4.59009981155396
Kenya,KEN,GDP per capita (current US$),NY.GDP.PCAP.CD,2069.66113651418
Kiribati,KIR,"Government expenditure on education, total (% of GDP)",SE.XPD.TOTL.GD.ZS,15.5851249694824
Kiribati,KIR,GDP per capita (current US$),NY.GDP.PCAP.CD,1766.14394497188
"Korea, Dem. People's Rep.",PRK,"Government expenditure on education, total (% of GDP)",SE.XPD.TOTL.GD.ZS,..
"Korea, Dem. People's Rep.",PRK,GDP per capita (current US$),NY.GDP.PCAP.CD,..
"Korea, Rep.",KOR,"Government expenditure on education, total (% of GDP)",SE.XPD.TOTL.GD.ZS,..
"Korea, Rep.",KOR,GDP per capita (current US$),NY.GDP.PCAP.CD,34997.7816427848
Kosovo,XKX,"Government expenditure on education, total (% of GDP)",SE.XPD.TOTL.GD.ZS,..
Kosovo,XKX,GDP per capita (current US$),NY.GDP.PCAP.CD,5269.78390114389
Kuwait,KWT,"Government expenditure on education, total (% of GDP)",SE.XPD.TOTL.GD.ZS,..
Kuwait,KWT,GDP per capita (current US$),NY.GDP.PCAP.CD,32186.7654076734
Kyrgyz Republic,KGZ,"Government expenditure on education, total (% of GDP)",SE.XPD.TOTL.GD.ZS,6.53140163421631
Kyrgyz Republic,KGZ,GDP per capita (current US$),NY.GDP.PCAP.CD,1306.17799234979
Lao PDR,LAO,"Government expenditure on education, total (% of GDP)",SE.XPD.TOTL.GD.ZS,1.85949182510376
Lao PDR,LAO,GDP per capita (current US$),NY.GDP.PCAP.CD,2535.62343427332
Latvia,LVA,"Government expenditure on education, total (% of GDP)",SE.XPD.TOTL.GD.ZS,5.70073890686035
Latvia,LVA,GDP per capita (current US$),NY.GDP.PCAP.CD,21080.1774491839
Lebanon,LBN,"Government expenditure on education, total (% of GDP)",SE.XPD.TOTL.GD.ZS,..
Lebanon,LBN,GDP per capita (current US$),NY.GDP.PCAP.CD,4136.14657516013
Lesotho,LSO,"Government expenditure on education, total (% of GDP)",SE.XPD.TOTL.GD.ZS,7.50747919082642
Lesotho,LSO,GDP per capita (current US$),NY.GDP.PCAP.CD,1040.30862270774
Liberia,LBR,"Government expenditure on education, total (% of GDP)",SE.XPD.TOTL.GD.ZS,2.53214001655579
Liberia,LBR,GDP per capita (current US$),NY.GDP.PCAP.CD,675.66318584916
Libya,LBY,"Government expenditure on education, total (% of GDP)",SE.XPD.TOTL.GD.ZS,..
Libya,LBY,GDP per capita (current US$),NY.GDP.PCAP.CD,5908.9513231651
Liechtenstein,LIE,"Government expenditure on education, total (% of GDP)",SE.XPD.TOTL.GD.ZS,..
Liechtenstein,LIE,GDP per capita (current US$),NY.GDP.PCAP.CD,184083.321373984
Lithuania,LTU,"Government expenditure on education, total (% of GDP)",SE.XPD.TOTL.GD.ZS,4.84267044067383
Lithuania,LTU,GDP per capita (current US$),NY.GDP.PCAP.CD,23712.5357765275
Luxembourg,LUX,"Government expenditure on education, total (% of GDP)",SE.XPD.TOTL.GD.ZS,4.63915252685547
Luxembourg,LUX,GDP per capita (current US$),NY.GDP.PCAP.CD,133590.146975586
"Macao SAR, China",MAC,"Government expenditure on education, total (% of GDP)",SE.XPD.TOTL.GD.ZS,5.25031995773315
"Macao SAR, China",MAC,GDP per capita (current US$),NY.GDP.PCAP.CD,43873.4171613356
Madagascar,MDG,"Government expenditure on education, total (% of GDP)",SE.XPD.TOTL.GD.ZS,3.19807553291321
Madagascar,MDG,GDP per capita (current US$),NY.GDP.PCAP.CD,503.352081144811
Malawi,MWI,"Government expenditure on education, total (% of GDP)",SE.XPD.TOTL.GD.ZS,..
Malawi,MWI,GDP per capita (current US$),NY.GDP.PCAP.CD,633.609733286822
Malaysia,MYS,"Government expenditure on education, total (% of GDP)",SE.XPD.TOTL.GD.ZS,4.27081727981567
Malaysia,MYS,GDP per capita (current US$),NY.GDP.PCAP.CD,11109.2652881747
Maldives,MDV,"Government expenditure on education, total (% of GDP)",SE.XPD.TOTL.GD.ZS,4.48475170135498
Maldives,MDV,GDP per capita (current US$),NY.GDP.PCAP.CD,10366.2567800183
Mali,MLI,"Government expenditure on education, total (% of GDP)",SE.XPD.TOTL.GD.ZS,4.36370992660522
Mali,MLI,GDP per capita (current US$),NY.GDP.PCAP.CD,881.510088639799
Malta,MLT,"Government expenditure on education, total (% of GDP)",SE.XPD.TOTL.GD.ZS,5.62880754470825
Malta,MLT,GDP per capita (current US$),NY.GDP.PCAP.CD,34218.2147417968
Marshall Islands,MHL,"Government expenditure on education, total (% of GDP)",SE.XPD.TOTL.GD.ZS,15.0798463821411
Marshall Islands,MHL,GDP per capita (current US$),NY.GDP.PCAP.CD,6172.14506539834
Mauritania,MRT,"Government expenditure on education, total (% of GDP)",SE.XPD.TOTL.GD.ZS,1.74553000926971
Mauritania,MRT,GDP per capita (current US$),NY.GDP.PCAP.CD,2166.04479650543
Mauritius,MUS,"Government expenditure on education, total (% of GDP)",SE.XPD.TOTL.GD.ZS,4.67440986633301
Mauritius,MUS,GDP per capita (current US$),NY.GDP.PCAP.CD,9062.72247588818
Mexico,MEX,"Government expenditure on education, total (% of GDP)",SE.XPD.TOTL.GD.ZS,..
Mexico,MEX,GDP per capita (current US$),NY.GDP.PCAP.CD,10045.676371041
"Micronesia, Fed. Sts.",FSM,"Government expenditure on education, total (% of GDP)",SE.XPD.TOTL.GD.ZS,..
"Micronesia, Fed. Sts.",FSM,GDP per capita (current US$),NY.GDP.PCAP.CD,3571.33676887856
Moldova,MDA,"Government expenditure on education, total (% of GDP)",SE.XPD.TOTL.GD.ZS,5.82405996322632
Moldova,MDA,GDP per capita (current US$),NY.GDP.PCAP.CD,5235.63604416292
Monaco,MCO,"Government expenditure on education, total (% of GDP)",SE.XPD.TOTL.GD.ZS,1.4237300157547
Monaco,MCO,GDP per capita (current US$),NY.GDP.PCAP.CD,234317.084818276
Mongolia,MNG,"Government expenditure on education, total (% of GDP)",SE.XPD.TOTL.GD.ZS,3.34389615058899
Mongolia,MNG,GDP per capita (current US$),NY.GDP.PCAP.CD,4566.14013102675
Montenegro,MNE,"Government expenditure on education, total (% of GDP)",SE.XPD.TOTL.GD.ZS,..
Montenegro,MNE,GDP per capita (current US$),NY.GDP.PCAP.CD,9465.96640819442
Morocco,MAR,"Government expenditure on education, total (% of GDP)",SE.XPD.TOTL.GD.ZS,5.60131072998047
Morocco,MAR,GDP per capita (current US$),NY.GDP.PCAP.CD,3795.38696289063
Mozambique,MOZ,"Government expenditure on education, total (% of GDP)",SE.XPD.TOTL.GD.ZS,7.02751064300537
Mozambique,MOZ,GDP per capita (current US$),NY.GDP.PCAP.CD,491.83907494798
Myanmar,MMR,"Government expenditure on education, total (% of GDP)",SE.XPD.TOTL.GD.ZS,..
Myanmar,MMR,GDP per capita (current US$),NY.GDP.PCAP.CD,1210.5406876897
Namibia,NAM,"Government expenditure on education, total (% of GDP)",SE.XPD.TOTL.GD.ZS,10.0280256271362
Namibia,NAM,GDP per capita (current US$),NY.GDP.PCAP.CD,4919.18895548026
Nauru,NRU,"Government expenditure on education, total (% of GDP)",SE.XPD.TOTL.GD.ZS,6.51978445053101
Nauru,NRU,GDP per capita (current US$),NY.GDP.PCAP.CD,11632.6914902719
Nepal,NPL,"Government expenditure on education, total (% of GDP)",SE.XPD.TOTL.GD.ZS,3.95612215995789
Nepal,NPL,GDP per capita (current US$),NY.GDP.PCAP.CD,1229.39420520705
Netherlands,NLD,"Government expenditure on education, total (% of GDP)",SE.XPD.TOTL.GD.ZS,5.13583135604858
Netherlands,NLD,GDP per capita (current US$),NY.GDP.PCAP.CD,57708.1112134322
New Caledonia,NCL,"Government expenditure on education, total (% of GDP)",SE.XPD.TOTL.GD.ZS,..
New Caledonia,NCL,GDP per capita (current US$),NY.GDP.PCAP.CD,36668.4253519191
New Zealand,NZL,"Government expenditure on education, total (% of GDP)",SE.XPD.TOTL.GD.ZS,5.54056978225708
New Zealand,NZL,GDP per capita (current US$),NY.GDP.PCAP.CD,49996.4206725811
Nicaragua,NIC,"Government expenditure on education, total (% of GDP)",SE.XPD.TOTL.GD.ZS,4.08665704727173
Nicaragua,NIC,GDP per capita (current US$),NY.GDP.PCAP.CD,2064.92511550317
Niger,NER,"Government expenditure on education, total (% of GDP)",SE.XPD.TOTL.GD.ZS,3.82175827026367
Niger,NER,GDP per capita (current US$),NY.GDP.PCAP.CD,590.629481388087
Nigeria,NGA,"Government expenditure on education, total (% of GDP)",SE.XPD.TOTL.GD.ZS,..
Nigeria,NGA,GDP per capita (current US$),NY.GDP.PCAP.CD,2065.74906750923
North Macedonia,MKD,"Government expenditure on education, total (% of GDP)",SE.XPD.TOTL.GD.ZS,..
North Macedonia,MKD,GDP per capita (current US$),NY.GDP.PCAP.CD,6694.64112581709
Northern Mariana Islands,MNP,"Government expenditure on education, total (% of GDP)",SE.XPD.TOTL.GD.ZS,..
Northern Mariana Islands,MNP,GDP per capita (current US$),NY.GDP.PCAP.CD,..
Norway,NOR,"Government expenditure on education, total (% of GDP)",SE.XPD.TOTL.GD.ZS,5.04169225692749
Norway,NOR,GDP per capita (current US$),NY.GDP.PCAP.CD,90655.3910229392
Oman,OMN,"Government expenditure on education, total (% of GDP)",SE.XPD.TOTL.GD.ZS,..
Oman,OMN,GDP per capita (current US$),NY.GDP.PCAP.CD,19509.4664633867
Pakistan,PAK,"Government expenditure on education, total (% of GDP)",SE.XPD.TOTL.GD.ZS,1.6874612569809
Pakistan,PAK,GDP per capita (current US$),NY.GDP.PCAP.CD,1505.01019279459
Palau,PLW,"Government expenditure on education, total (% of GDP)",SE.XPD.TOTL.GD.ZS,..
Palau,PLW,GDP per capita (current US$),NY.GDP.PCAP.CD,12083.8881491345
Panama,PAN,"Government expenditure on education, total (% of GDP)",SE.XPD.TOTL.GD.ZS,3.26910948753357
Panama,PAN,GDP per capita (current US$),NY.GDP.PCAP.CD,15491.2897902482
Papua New Guinea,PNG,"Government expenditure on education, total (% of GDP)",SE.XPD.TOTL.GD.ZS,..
Papua New Guinea,PNG,GDP per capita (current US$),NY.GDP.PCAP.CD,2644.53717330941
Paraguay,PRY,"Government expenditure on education, total (% of GDP)",SE.XPD.TOTL.GD.ZS,3.41070008277893
Paraguay,PRY,GDP per capita (current US$),NY.GDP.PCAP.CD,5959.44176327886
Peru,PER,"Government expenditure on education, total (% of GDP)",SE.XPD.TOTL.GD.ZS,3.97350001335144
Peru,PER,GDP per capita (current US$),NY.GDP.PCAP.CD,6635.46392344859
Philippines,PHL,"Government expenditure on education, total (% of GDP)",SE.XPD.TOTL.GD.ZS,3.88108062744141
Philippines,PHL,GDP per capita (current US$),NY.GDP.PCAP.CD,3460.53940077621
Poland,POL,"Government expenditure on education, total (% of GDP)",SE.XPD.TOTL.GD.ZS,4.9414005279541
Poland,POL,GDP per capita (current US$),NY.GDP.PCAP.CD,17999.8322682985
Portugal,PRT,"Government expenditure on education, total (% of GDP)",SE.XPD.TOTL.GD.ZS,4.71190643310547
Portugal,PRT,GDP per capita (current US$),NY.GDP.PCAP.CD,24598.4727937544
Puerto Rico,PRI,"Government expenditure on education, total (% of GDP)",SE.XPD.TOTL.GD.ZS,..
Puerto Rico,PRI,GDP per capita (current US$),NY.GDP.PCAP.CD,32601.5656391821
Qatar,QAT,"Government expenditure on education, total (% of GDP)",SE.XPD.TOTL.GD.ZS,..
Qatar,QAT,GDP per capita (current US$),NY.GDP.PCAP.CD,66838.3276414802
Romania,ROU,"Government expenditure on education, total (% of GDP)",SE.XPD.TOTL.GD.ZS,3.2530517578125
Romania,ROU,GDP per capita (current US$),NY.GDP.PCAP.CD,14927.1168555732
Russian Federation,RUS,"Government expenditure on education, total (% of GDP)",SE.XPD.TOTL.GD.ZS,..
Russian Federation,RUS,GDP per capita (current US$),NY.GDP.PCAP.CD,12593.1572265625
Rwanda,RWA,"Government expenditure on education, total (% of GDP)",SE.XPD.TOTL.GD.ZS,5.59065008163452
Rwanda,RWA,GDP per capita (current US$),NY.GDP.PCAP.CD,821.228194072436
Samoa,WSM,"Government expenditure on education, total (% of GDP)",SE.XPD.TOTL.GD.ZS,..
Samoa,WSM,GDP per capita (current US$),NY.GDP.PCAP.CD,3857.35668493835
San Marino,SMR,"Government expenditure on education, total (% of GDP)",SE.XPD.TOTL.GD.ZS,3.10892009735107
San Marino,SMR,GDP per capita (current US$),NY.GDP.PCAP.CD,54982.4517157142
Sao Tome and Principe,STP,"Government expenditure on education, total (% of GDP)",SE.XPD.TOTL.GD.ZS,5.51617622375488
Sao Tome and Principe,STP,GDP per capita (current US$),NY.GDP.PCAP.CD,2360.54355385897
Saudi Arabia,SAU,"Government expenditure on education, total (% of GDP)",SE.XPD.TOTL.GD.ZS,..
Saudi Arabia,SAU,GDP per capita (current US$),NY.GDP.PCAP.CD,24160.6760455307
Senegal,SEN,"Government expenditure on education, total (% of GDP)",SE.XPD.TOTL.GD.ZS,5.58935451507568
Senegal,SEN,GDP per capita (current US$),NY.GDP.PCAP.CD,1633.56011880605
Serbia,SRB,"Government expenditure on education, total (% of GDP)",SE.XPD.TOTL.GD.ZS,3.29965996742249
Serbia,SRB,GDP per capita (current US$),NY.GDP.PCAP.CD,9230.17444674566
Seychelles,SYC,"Government expenditure on education, total (% of GDP)",SE.XPD.TOTL.GD.ZS,5.62358999252319
Seychelles,SYC,GDP per capita (current US$),NY.GDP.PCAP.CD,12963.0646717088
Sierra Leone,SLE,"Government expenditure on education, total (% of GDP)",SE.XPD.TOTL.GD.ZS,9.44223976135254
Sierra Leone,SLE,GDP per capita (current US$),NY.GDP.PCAP.CD,504.621272179526
Singapore,SGP,"Government expenditure on education, total (% of GDP)",SE.XPD.TOTL.GD.ZS,2.83360004425049
Singapore,SGP,GDP per capita (current US$),NY.GDP.PCAP.CD,77710.0699565617
Sint Maarten (Dutch part),SXM,"Government expenditure on education, total (% of GDP)",SE.XPD.TOTL.GD.ZS,..
Sint Maarten (Dutch part),SXM,GDP per capita (current US$),NY.GDP.PCAP.CD,32316.5959834846
Slovak Republic,SVK,"Government expenditure on education, total (% of GDP)",SE.XPD.TOTL.GD.ZS,4.39646053314209
Slovak Republic,SVK,GDP per capita (current US$),NY.GDP.PCAP.CD,21782.8550659196
Slovenia,SVN,"Government expenditure on education, total (% of GDP)",SE.XPD.TOTL.GD.ZS,5.6695818901062
Slovenia,SVN,GDP per capita (current US$),NY.GDP.PCAP.CD,29291.4006234431
Solomon Islands,SLB,"Government expenditure on education, total (% of GDP)",SE.XPD.TOTL.GD.ZS,..
Solomon Islands,SLB,GDP per capita (current US$),NY.GDP.PCAP.CD,2232.53695646531
Somalia,SOM,"Government expenditure on education, total (% of GDP)",SE.XPD.TOTL.GD.ZS,..
Somalia,SOM,GDP per capita (current US$),NY.GDP.PCAP.CD,446.98155963536
South Africa,ZAF,"Government expenditure on education, total (% of GDP)",SE.XPD.TOTL.GD.ZS,6.56205987930298
South Africa,ZAF,GDP per capita (current US$),NY.GDP.PCAP.CD,7055.05517621298
South Sudan,SSD,"Government expenditure on education, total (% of GDP)",SE.XPD.TOTL.GD.ZS,..
South Sudan,SSD,GDP per capita (current US$),NY.GDP.PCAP.CD,..
Spain,ESP,"Government expenditure on education, total (% of GDP)",SE.XPD.TOTL.GD.ZS,4.58532047271729
Spain,ESP,GDP per capita (current US$),NY.GDP.PCAP.CD,30103.513733191
Sri Lanka,LKA,"Government expenditure on education, total (% of GDP)",SE.XPD.TOTL.GD.ZS,1.50754845142365
Sri Lanka,LKA,GDP per capita (current US$),NY.GDP.PCAP.CD,3994.2469579056
St. Kitts and Nevis,KNA,"Government expenditure on education, total (% of GDP)",SE.XPD.TOTL.GD.ZS,2.7765998840332
St. Kitts and Nevis,KNA,GDP per capita (current US$),NY.GDP.PCAP.CD,18082.6879898426
St. Lucia,LCA,"Government expenditure on education, total (% of GDP)",SE.XPD.TOTL.GD.ZS,..
St. Lucia,LCA,GDP per capita (current US$),NY.GDP.PCAP.CD,9414.13774072652
St. Martin (French part),MAF,"Government expenditure on education, total (% of GDP)",SE.XPD.TOTL.GD.ZS,..
St. Martin (French part),MAF,GDP per capita (current US$),NY.GDP.PCAP.CD,..
St. Vincent and the Grenadines,VCT,"Government expenditure on education, total (% of GDP)",SE.XPD.TOTL.GD.ZS,..
St. Vincent and the Grenadines,VCT,GDP per capita (current US$),NY.GDP.PCAP.CD,8360.10105917172
Sudan,SDN,"Government expenditure on education, total (% of GDP)",SE.XPD.TOTL.GD.ZS,..
Sudan,SDN,GDP per capita (current US$),NY.GDP.PCAP.CD,749.706787109375
Suriname,SUR,"Government expenditure on education, total (% of GDP)",SE.XPD.TOTL.GD.ZS,3.80620574951172
Suriname,SUR,GDP per capita (current US$),NY.GDP.PCAP.CD,4869.13422621242
Sweden,SWE,"Government expenditure on education, total (% of GDP)",SE.XPD.TOTL.GD.ZS,6.67996120452881
Sweden,SWE,GDP per capita (current US$),NY.GDP.PCAP.CD,61143.2212428047
Switzerland,CHE,"Government expenditure on education, total (% of GDP)",SE.XPD.TOTL.GD.ZS,5.04434299468994
Switzerland,CHE,GDP per capita (current US$),NY.GDP.PCAP.CD,91991.6004583563
Syrian Arab Republic,SYR,"Government expenditure on education, total (% of GDP)",SE.XPD.TOTL.GD.ZS,..
Syrian Arab Republic,SYR,GDP per capita (current US$),NY.GDP.PCAP.CD,..
Tajikistan,TJK,"Government expenditure on education, total (% of GDP)",SE.XPD.TOTL.GD.ZS,5.53748321533203
Tajikistan,TJK,GDP per capita (current US$),NY.GDP.PCAP.CD,916.691967061922
Tanzania,TZA,"Government expenditure on education, total (% of GDP)",SE.XPD.TOTL.GD.ZS,3.11515331268311
Tanzania,TZA,GDP per capita (current US$),NY.GDP.PCAP.CD,1146.03198242188
Thailand,THA,"Government expenditure on education, total (% of GDP)",SE.XPD.TOTL.GD.ZS,2.98618507385254
Thailand,THA,GDP per capita (current US$),NY.GDP.PCAP.CD,7060.89760941608
Timor-Leste,TLS,"Government expenditure on education, total (% of GDP)",SE.XPD.TOTL.GD.ZS,2.97449803352356
Timor-Leste,TLS,GDP per capita (current US$),NY.GDP.PCAP.CD,2741.39394462437
Togo,TGO,"Government expenditure on education, total (% of GDP)",SE.XPD.TOTL.GD.ZS,4.23118162155151
Togo,TGO,GDP per capita (current US$),NY.GDP.PCAP.CD,964.050010186895
Tonga,TON,"Government expenditure on education, total (% of GDP)",SE.XPD.TOTL.GD.ZS,4.92703914642334
Tonga,TON,GDP per capita (current US$),NY.GDP.PCAP.CD,4425.9705910742
Trinidad and Tobago,TTO,"Government expenditure on education, total (% of GDP)",SE.XPD.TOTL.GD.ZS,3.00878000259399
Trinidad and Tobago,TTO,GDP per capita (current US$),NY.GDP.PCAP.CD,16032.502767725
Tunisia,TUN,"Government expenditure on education, total (% of GDP)",SE.XPD.TOTL.GD.ZS,..
Tunisia,TUN,GDP per capita (current US$),NY.GDP.PCAP.CD,3807.18456310206
Turkiye,TUR,"Government expenditure on education, total (% of GDP)",SE.XPD.TOTL.GD.ZS,2.84528303146362
Turkiye,TUR,GDP per capita (current US$),NY.GDP.PCAP.CD,9661.22773420424
Turkmenistan,TKM,"Government expenditure on education, total (% of GDP)",SE.XPD.TOTL.GD.ZS,..
Turkmenistan,TKM,GDP per capita (current US$),NY.GDP.PCAP.CD,..
Turks and Caicos Islands,TCA,"Government expenditure on education, total (% of GDP)",SE.XPD.TOTL.GD.ZS,3.2556300163269
Turks and Caicos Islands,TCA,GDP per capita (current US$),NY.GDP.PCAP.CD,23158.6378951102
Tuvalu,TUV,"Government expenditure on education, total (% of GDP)",SE.XPD.TOTL.GD.ZS,..
Tuvalu,TUV,GDP per capita (current US$),NY.GDP.PCAP.CD,5372.75676603732
Uganda,UGA,"Government expenditure on education, total (% of GDP)",SE.XPD.TOTL.GD.ZS,2.63593602180481
Uganda,UGA,GDP per capita (current US$),NY.GDP.PCAP.CD,883.465728078128
Ukraine,UKR,"Government expenditure on education, total (% of GDP)",SE.XPD.TOTL.GD.ZS,5.74071836471558
Ukraine,UKR,GDP per capita (current US$),NY.GDP.PCAP.CD,4827.845703125
United Arab Emirates,ARE,"Government expenditure on education, total (% of GDP)",SE.XPD.TOTL.GD.ZS,3.89549994468689
United Arab Emirates,ARE,GDP per capita (current US$),NY.GDP.PCAP.CD,44315.554183896
United Kingdom,GBR,"Government expenditure on education, total (% of GDP)",SE.XPD.TOTL.GD.ZS,5.32736825942993
United Kingdom,GBR,GDP per capita (current US$),NY.GDP.PCAP.CD,46585.8975644567
United States,USA,"Government expenditure on education, total (% of GDP)",SE.XPD.TOTL.GD.ZS,..
United States,USA,GDP per capita (current US$),NY.GDP.PCAP.CD,70219.472454115
Uruguay,URY,"Government expenditure on education, total (% of GDP)",SE.XPD.TOTL.GD.ZS,4.41334009170532
Uruguay,URY,GDP per capita (current US$),NY.GDP.PCAP.CD,17923.9953327961
Uzbekistan,UZB,"Government expenditure on education, total (% of GDP)",SE.XPD.TOTL.GD.ZS,5.36828899383545
Uzbekistan,UZB,GDP per capita (current US$),NY.GDP.PCAP.CD,1993.42447790795
Vanuatu,VUT,"Government expenditure on education, total (% of GDP)",SE.XPD.TOTL.GD.ZS,..
Vanuatu,VUT,GDP per capita (current US$),NY.GDP.PCAP.CD,3044.57364031957
"Venezuela, RB",VEN,"Government expenditure on education, total (% of GDP)",SE.XPD.TOTL.GD.ZS,..
"Venezuela, RB",VEN,GDP per capita (current US$),NY.GDP.PCAP.CD,..
Viet Nam,VNM,"Government expenditure on education, total (% of GDP)",SE.XPD.TOTL.GD.ZS,2.94788694381714
Viet Nam,VNM,GDP per capita (current US$),NY.GDP.PCAP.CD,3756.48912237473
Virgin Islands (U.S.),VIR,"Government expenditure on education, total (% of GDP)",SE.XPD.TOTL.GD.ZS,..
Virgin Islands (U.S.),VIR,GDP per capita (current US$),NY.GDP.PCAP.CD,..
West Bank and Gaza,PSE,"Government expenditure on education, total (% of GDP)",SE.XPD.TOTL.GD.ZS,5.43442010879517
West Bank and Gaza,PSE,GDP per capita (current US$),NY.GDP.PCAP.CD,3678.63565662194
"Yemen, Rep.",YEM,"Government expenditure on education, total (% of GDP)",SE.XPD.TOTL.GD.ZS,..
"Yemen, Rep.",YEM,GDP per capita (current US$),NY.GDP.PCAP.CD,603.707959365751
Zambia,ZMB,"Government expenditure on education, total (% of GDP)",SE.XPD.TOTL.GD.ZS,3.10643219947815
Zambia,ZMB,GDP per capita (current US$),NY.GDP.PCAP.CD,1137.34439483196
Zimbabwe,ZWE,"Government expenditure on education, total (% of GDP)",SE.XPD.TOTL.GD.ZS,..
Zimbabwe,ZWE,GDP per capita (current US$),NY.GDP.PCAP.CD,1773.92041088078
Africa Eastern and Southern,AFE,"Government expenditure on education, total (% of GDP)",SE.XPD.TOTL.GD.ZS,4.63225483894348
Africa Eastern and Southern,AFE,GDP per capita (current US$),NY.GDP.PCAP.CD,1539.16554316986
Africa Western and Central,AFW,"Government expenditure on education, total (% of GDP)",SE.XPD.TOTL.GD.ZS,3.2829704284668
Africa Western and Central,AFW,GDP per capita (current US$),NY.GDP.PCAP.CD,1765.96530719796
Arab World,ARB,"Government expenditure on education, total (% of GDP)",SE.XPD.TOTL.GD.ZS,..
Arab World,ARB,GDP per capita (current US$),NY.GDP.PCAP.CD,6414.72561815051
Caribbean small states,CSS,"Government expenditure on education, total (% of GDP)",SE.XPD.TOTL.GD.ZS,4.32000994682312
Caribbean small states,CSS,GDP per capita (current US$),NY.GDP.PCAP.CD,10114.1468413213
Central Europe and the Baltics,CEB,"Government expenditure on education, total (% of GDP)",SE.XPD.TOTL.GD.ZS,5.00158405303955
Central Europe and the Baltics,CEB,GDP per capita (current US$),NY.GDP.PCAP.CD,18790.4181600999
Early-demographic dividend,EAR,"Government expenditure on education, total (% of GDP)",SE.XPD.TOTL.GD.ZS,3.88108062744141
Early-demographic dividend,EAR,GDP per capita (current US$),NY.GDP.PCAP.CD,3714.71391519885
East Asia & Pacific,EAS,"Government expenditure on education, total (% of GDP)",SE.XPD.TOTL.GD.ZS,3.29784345626831
East Asia & Pacific,EAS,GDP per capita (current US$),NY.GDP.PCAP.CD,13119.40564996
East Asia & Pacific (excluding high income),EAP,"Government expenditure on education, total (% of GDP)",SE.XPD.TOTL.GD.ZS,3.01688218116761
East Asia & Pacific (excluding high income),EAP,GDP per capita (current US$),NY.GDP.PCAP.CD,9812.14597481484
East Asia & Pacific (IDA & IBRD countries),TEA,"Government expenditure on education, total (% of GDP)",SE.XPD.TOTL.GD.ZS,3.01688218116761
East Asia & Pacific (IDA & IBRD countries),TEA,GDP per capita (current US$),NY.GDP.PCAP.CD,9921.17770568929
Euro area,EMU,"Government expenditure on education, total (% of GDP)",SE.XPD.TOTL.GD.ZS,4.98649978637695
Euro area,EMU,GDP per capita (current US$),NY.GDP.PCAP.CD,42472.3326927924
Europe & Central Asia,ECS,"Government expenditure on education, total (% of GDP)",SE.XPD.TOTL.GD.ZS,5.00158405303955
Europe & Central Asia,ECS,GDP per capita (current US$),NY.GDP.PCAP.CD,27239.9401146701
Europe & Central Asia (excluding high income),ECA,"Government expenditure on education, total (% of GDP)",SE.XPD.TOTL.GD.ZS,4.43917083740234
Europe & Central Asia (excluding high income),ECA,GDP per capita (current US$),NY.GDP.PCAP.CD,8919.90863602739
Europe & Central Asia (IDA & IBRD countries),TEC,"Government expenditure on education, total (% of GDP)",SE.XPD.TOTL.GD.ZS,4.49264764785767
Europe & Central Asia (IDA & IBRD countries),TEC,GDP per capita (current US$),NY.GDP.PCAP.CD,9983.84766919692
European Union,EUU,"Government expenditure on education, total (% of GDP)",SE.XPD.TOTL.GD.ZS,5.00158405303955
European Union,EUU,GDP per capita (current US$),NY.GDP.PCAP.CD,38436.149211449
Fragile and conflict affected situations,FCS,"Government expenditure on education, total (% of GDP)",SE.XPD.TOTL.GD.ZS,..
Fragile and conflict affected situations,FCS,GDP per capita (current US$),NY.GDP.PCAP.CD,1780.26139196499
Heavily indebted poor countries (HIPC),HPC,"Government expenditure on education, total (% of GDP)",SE.XPD.TOTL.GD.ZS,3.37276005744934
Heavily indebted poor countries (HIPC),HPC,GDP per capita (current US$),NY.GDP.PCAP.CD,1043.67963008607
High income,HIC,"Government expenditure on education, total (% of GDP)",SE.XPD.TOTL.GD.ZS,4.98649978637695
High income,HIC,GDP per capita (current US$),NY.GDP.PCAP.CD,48351.0720660842
IBRD only,IBD,"Government expenditure on education, total (% of GDP)",SE.XPD.TOTL.GD.ZS,3.74731349945068
IBRD only,IBD,GDP per capita (current US$),NY.GDP.PCAP.CD,7275.45462599073
IDA & IBRD total,IBT,"Government expenditure on education, total (% of GDP)",SE.XPD.TOTL.GD.ZS,3.68296098709107
IDA & IBRD total,IBT,GDP per capita (current US$),NY.GDP.PCAP.CD,5712.35778982205
IDA blend,IDB,"Government expenditure on education, total (% of GDP)",SE.XPD.TOTL.GD.ZS,3.32451999187469
IDA blend,IDB,GDP per capita (current US$),NY.GDP.PCAP.CD,1842.03199304628
IDA only,IDX,"Government expenditure on education, total (% of GDP)",SE.XPD.TOTL.GD.ZS,3.37276005744934
IDA only,IDX,GDP per capita (current US$),NY.GDP.PCAP.CD,1273.74388066576
IDA total,IDA,"Government expenditure on education, total (% of GDP)",SE.XPD.TOTL.GD.ZS,3.37276005744934
IDA total,IDA,GDP per capita (current US$),NY.GDP.PCAP.CD,1461.61016032231
Late-demographic dividend,LTE,"Government expenditure on education, total (% of GDP)",SE.XPD.TOTL.GD.ZS,4.08315861225128
Late-demographic dividend,LTE,GDP per capita (current US$),NY.GDP.PCAP.CD,11554.2868836793
Latin America & Caribbean,LCN,"Government expenditure on education, total (% of GDP)",SE.XPD.TOTL.GD.ZS,3.74731349945068
Latin America & Caribbean,LCN,GDP per capita (current US$),NY.GDP.PCAP.CD,8413.26011713122
Latin America & Caribbean (excluding high income),LAC,"Government expenditure on education, total (% of GDP)",SE.XPD.TOTL.GD.ZS,3.86040675640106
Latin America & Caribbean (excluding high income),LAC,GDP per capita (current US$),NY.GDP.PCAP.CD,7804.44821172299
Latin America & the Caribbean (IDA & IBRD countries),TLA,"Government expenditure on education, total (% of GDP)",SE.XPD.TOTL.GD.ZS,3.74731349945068
Latin America & the Caribbean (IDA & IBRD countries),TLA,GDP per capita (current US$),NY.GDP.PCAP.CD,8195.12865998321
Least developed countries: UN classification,LDC,"Government expenditure on education, total (% of GDP)",SE.XPD.TOTL.GD.ZS,3.11079275608063
Least developed countries: UN classification,LDC,GDP per capita (current US$),NY.GDP.PCAP.CD,1151.78183621485
Low & middle income,LMY,"Government expenditure on education, total (% of GDP)",SE.XPD.TOTL.GD.ZS,3.6913800239563
Low & middle income,LMY,GDP per capita (current US$),NY.GDP.PCAP.CD,5520.31844976608
Low income,LIC,"Government expenditure on education, total (% of GDP)",SE.XPD.TOTL.GD.ZS,3.94350361824036
Low income,LIC,GDP per capita (current US$),NY.GDP.PCAP.CD,682.78266910265
Lower middle income,LMC,"Government expenditure on education, total (% of GDP)",SE.XPD.TOTL.GD.ZS,3.37276005744934
Lower middle income,LMC,GDP per capita (current US$),NY.GDP.PCAP.CD,2404.55179404135
Middle East & North Africa,MEA,"Government expenditure on education, total (% of GDP)",SE.XPD.TOTL.GD.ZS,..
Middle East & North Africa,MEA,GDP per capita (current US$),NY.GDP.PCAP.CD,7694.85516864621
Middle East & North Africa (excluding high income),MNA,"Government expenditure on education, total (% of GDP)",SE.XPD.TOTL.GD.ZS,..
Middle East & North Africa (excluding high income),MNA,GDP per capita (current US$),NY.GDP.PCAP.CD,3604.88875794318
Middle East & North Africa (IDA & IBRD countries),TMN,"Government expenditure on education, total (% of GDP)",SE.XPD.TOTL.GD.ZS,..
Middle East & North Africa (IDA & IBRD countries),TMN,GDP per capita (current US$),NY.GDP.PCAP.CD,3604.01229800729
Middle income,MIC,"Government expenditure on education, total (% of GDP)",SE.XPD.TOTL.GD.ZS,3.67454195022583
Middle income,MIC,GDP per capita (current US$),NY.GDP.PCAP.CD,6078.45380677436
North America,NAC,"Government expenditure on education, total (% of GDP)",SE.XPD.TOTL.GD.ZS,4.59400606155396
North America,NAC,GDP per capita (current US$),NY.GDP.PCAP.CD,68382.9399492465
Not classified,INX,"Government expenditure on education, total (% of GDP)",SE.XPD.TOTL.GD.ZS,..
Not classified,INX,GDP per capita (current US$),NY.GDP.PCAP.CD,..
OECD members,OED,"Government expenditure on education, total (% of GDP)",SE.XPD.TOTL.GD.ZS,5.04434299468994
OECD members,OED,GDP per capita (current US$),NY.GDP.PCAP.CD,42522.4500902694
Other small states,OSS,"Government expenditure on education, total (% of GDP)",SE.XPD.TOTL.GD.ZS,4.98077940940857
Other small states,OSS,GDP per capita (current US$),NY.GDP.PCAP.CD,13931.796724276
Pacific island small states,PSS,"Government expenditure on education, total (% of GDP)",SE.XPD.TOTL.GD.ZS,..
Pacific island small states,PSS,GDP per capita (current US$),NY.GDP.PCAP.CD,3641.55824740651
Post-demographic dividend,PST,"Government expenditure on education, total (% of GDP)",SE.XPD.TOTL.GD.ZS,5.04169225692749
Post-demographic dividend,PST,GDP per capita (current US$),NY.GDP.PCAP.CD,49340.466480345
Pre-demographic dividend,PRE,"Government expenditure on education, total (% of GDP)",SE.XPD.TOTL.GD.ZS,3.15416705608368
Pre-demographic dividend,PRE,GDP per capita (current US$),NY.GDP.PCAP.CD,1413.97365959385
Small states,SST,"Government expenditure on education, total (% of GDP)",SE.XPD.TOTL.GD.ZS,4.98077940940857
Small states,SST,GDP per capita (current US$),NY.GDP.PCAP.CD,12638.5703105452
South Asia,SAS,"Government expenditure on education, total (% of GDP)",SE.XPD.TOTL.GD.ZS,1.83117997646332
South Asia,SAS,GDP per capita (current US$),NY.GDP.PCAP.CD,2136.15805981447
South Asia (IDA & IBRD),TSA,"Government expenditure on education, total (% of GDP)",SE.XPD.TOTL.GD.ZS,1.83117997646332
South Asia (IDA & IBRD),TSA,GDP per capita (current US$),NY.GDP.PCAP.CD,2136.15805981447
Sub-Saharan Africa,SSF,"Government expenditure on education, total (% of GDP)",SE.XPD.TOTL.GD.ZS,3.54701817035675
Sub-Saharan Africa,SSF,GDP per capita (current US$),NY.GDP.PCAP.CD,1630.98390327386
Sub-Saharan Africa (excluding high income),SSA,"Government expenditure on education, total (% of GDP)",SE.XPD.TOTL.GD.ZS,3.54701817035675
Sub-Saharan Africa (excluding high income),SSA,GDP per capita (current US$),NY.GDP.PCAP.CD,1630.03154175388
Sub-Saharan Africa (IDA & IBRD countries),TSS,"Government expenditure on education, total (% of GDP)",SE.XPD.TOTL.GD.ZS,3.54701817035675
Sub-Saharan Africa (IDA & IBRD countries),TSS,GDP per capita (current US$),NY.GDP.PCAP.CD,1630.98390327387
Upper middle income,UMC,"Government expenditure on education, total (% of GDP)",SE.XPD.TOTL.GD.ZS,3.72469675540924
Upper middle income,UMC,GDP per capita (current US$),NY.GDP.PCAP.CD,10257.2797765954
World,WLD,"Government expenditure on education, total (% of GDP)",SE.XPD.TOTL.GD.ZS,4.18103384971618
World,WLD,GDP per capita (current US$),NY.GDP.PCAP.CD,12282.0000713291
,,,,
,,,,
,,,,
Data from database: World Development Indicators,,,,
Last Updated: 10/26/2023,,,,
